name,total_return,cagr,ann_volatility,sharpe,sortino,calmar,max_drawdown,trades,win_rate,exposure,turnover,average_trade_return,average_win,average_loss,profit_factor,cost_drag,excess_cagr_vs_benchmark,drawdown_improvement_vs_benchmark,ticker,label,variant,short_window,long_window,spread_threshold,momentum_window,partial_exposure,entry_threshold,exit_threshold,min_hold_days,cooldown_days,cost_bps,benchmark_total_return,benchmark_cagr,benchmark_sharpe,benchmark_max_drawdown,upside_capture,downside_capture,missed_return_while_in_cash,average_holding_days,median_holding_days,trade_frequency_per_year,fallback_exposure,cagr_20bps,sharpe_20bps,selection_score,robust_20bps,passes_selection
AAPL_long_cash_hysteresis_trend_5_200_entry_0.010_exit_-0.010_hold_10_cool_5_10bps,0.7581774119218949,0.1110610951068054,0.1843455647133324,0.6644195303918475,0.7747049587885251,0.4701235094874926,-0.23623812224978746,9,0.75,0.6172106824925816,1.682492581602374,0.0807326206058023,0.12854232174510316,-0.06269648281210027,6.15069534906804,0.01583083501546656,-0.06531145839492747,0.09736707728166327,AAPL,allocation_test,long_cash_hysteresis,5,200,0.0,,False,0.01,-0.01,10,5,10.0,1.3876883998144103,0.17637255350173286,0.726686796875903,-0.33360519953145074,0.5446467854281669,0.5356746003589834,0.40959568688410086,166.4,191.0,1.67973939703628,0.0,0.10920200797348611,0.655378098645783,0.7568644608753896,True,True
AAPL_long_cash_hysteresis_trend_5_200_entry_0.010_exit_-0.010_hold_20_cool_5_10bps,0.7581774119218949,0.1110610951068054,0.1843455647133324,0.6644195303918475,0.7747049587885251,0.4701235094874926,-0.23623812224978746,9,0.75,0.6172106824925816,1.682492581602374,0.0807326206058023,0.12854232174510316,-0.06269648281210027,6.15069534906804,0.01583083501546656,-0.06531145839492747,0.09736707728166327,AAPL,allocation_test,long_cash_hysteresis,5,200,0.0,,False,0.01,-0.01,20,5,10.0,1.3876883998144103,0.17637255350173286,0.726686796875903,-0.33360519953145074,0.5446467854281669,0.5356746003589834,0.40959568688410086,166.4,191.0,1.67973939703628,0.0,0.10920200797348611,0.655378098645783,0.7568644608753896,True,True
AAPL_long_cash_hysteresis_trend_5_200_entry_0.010_exit_-0.010_hold_20_cool_0_10bps,0.7581774119218949,0.1110610951068054,0.1843455647133324,0.6644195303918475,0.7747049587885251,0.4701235094874926,-0.23623812224978746,9,0.75,0.6172106824925816,1.682492581602374,0.0807326206058023,0.12854232174510316,-0.06269648281210027,6.15069534906804,0.01583083501546656,-0.06531145839492747,0.09736707728166327,AAPL,allocation_test,long_cash_hysteresis,5,200,0.0,,False,0.01,-0.01,20,0,10.0,1.3876883998144103,0.17637255350173286,0.726686796875903,-0.33360519953145074,0.5446467854281669,0.5356746003589834,0.40959568688410086,166.4,191.0,1.67973939703628,0.0,0.10920200797348611,0.655378098645783,0.7568644608753896,True,True
AAPL_long_cash_hysteresis_trend_5_200_entry_0.010_exit_-0.010_hold_10_cool_0_10bps,0.7581774119218949,0.1110610951068054,0.1843455647133324,0.6644195303918475,0.7747049587885251,0.4701235094874926,-0.23623812224978746,9,0.75,0.6172106824925816,1.682492581602374,0.0807326206058023,0.12854232174510316,-0.06269648281210027,6.15069534906804,0.01583083501546656,-0.06531145839492747,0.09736707728166327,AAPL,allocation_test,long_cash_hysteresis,5,200,0.0,,False,0.01,-0.01,10,0,10.0,1.3876883998144103,0.17637255350173286,0.726686796875903,-0.33360519953145074,0.5446467854281669,0.5356746003589834,0.40959568688410086,166.4,191.0,1.67973939703628,0.0,0.10920200797348611,0.655378098645783,0.7568644608753896,True,True
AAPL_long_cash_hysteresis_trend_5_200_entry_0.010_exit_-0.010_hold_10_cool_10_10bps,0.7581774119218949,0.1110610951068054,0.1843455647133324,0.6644195303918475,0.7747049587885251,0.4701235094874926,-0.23623812224978746,9,0.75,0.6172106824925816,1.682492581602374,0.0807326206058023,0.12854232174510316,-0.06269648281210027,6.15069534906804,0.01583083501546656,-0.06531145839492747,0.09736707728166327,AAPL,allocation_test,long_cash_hysteresis,5,200,0.0,,False,0.01,-0.01,10,10,10.0,1.3876883998144103,0.17637255350173286,0.726686796875903,-0.33360519953145074,0.5446467854281669,0.5356746003589834,0.40959568688410086,166.4,191.0,1.67973939703628,0.0,0.10920200797348611,0.655378098645783,0.7568644608753896,True,True
AAPL_long_cash_hysteresis_trend_5_200_entry_0.010_exit_-0.010_hold_20_cool_10_10bps,0.7581774119218949,0.1110610951068054,0.1843455647133324,0.6644195303918475,0.7747049587885251,0.4701235094874926,-0.23623812224978746,9,0.75,0.6172106824925816,1.682492581602374,0.0807326206058023,0.12854232174510316,-0.06269648281210027,6.15069534906804,0.01583083501546656,-0.06531145839492747,0.09736707728166327,AAPL,allocation_test,long_cash_hysteresis,5,200,0.0,,False,0.01,-0.01,20,10,10.0,1.3876883998144103,0.17637255350173286,0.726686796875903,-0.33360519953145074,0.5446467854281669,0.5356746003589834,0.40959568688410086,166.4,191.0,1.67973939703628,0.0,0.10920200797348611,0.655378098645783,0.7568644608753896,True,True
AAPL_long_cash_hysteresis_trend_5_200_entry_0.010_exit_-0.010_hold_0_cool_10_10bps,0.7581774119218949,0.1110610951068054,0.1843455647133324,0.6644195303918475,0.7747049587885251,0.4701235094874926,-0.23623812224978746,9,0.75,0.6172106824925816,1.682492581602374,0.0807326206058023,0.12854232174510316,-0.06269648281210027,6.15069534906804,0.01583083501546656,-0.06531145839492747,0.09736707728166327,AAPL,allocation_test,long_cash_hysteresis,5,200,0.0,,False,0.01,-0.01,0,10,10.0,1.3876883998144103,0.17637255350173286,0.726686796875903,-0.33360519953145074,0.5446467854281669,0.5356746003589834,0.40959568688410086,166.4,191.0,1.67973939703628,0.0,0.10920200797348611,0.655378098645783,0.7568644608753896,True,True
AAPL_hybrid_qqq_regime_trend_5_200_entry_0.010_exit_-0.010_hold_10_cool_5_10bps,0.8543477716924073,0.12215949657084013,0.20065047031680605,0.6753829950122926,0.8269414453126597,0.43566887568875357,-0.28039528042419115,13,0.6666666666666666,0.6951038575667656,2.8041543026706233,0.10263011846962622,0.18529341911048947,-0.06269648281210027,5.910807458396319,0.027829064876712106,-0.054213056930892733,0.053209919107259585,AAPL,allocation_test,hybrid_qqq_regime,5,200,0.0,,False,0.01,-0.01,10,5,10.0,1.3876883998144103,0.17637255350173286,0.726686796875903,-0.33360519953145074,0.5919640252444981,0.5805804618814945,0.3991523490291218,166.8,192.0,2.4262902401635156,0.0771513353115727,0.1190401418804603,0.6616515524631282,0.7119812790299376,True,True
AAPL_hybrid_qqq_regime_trend_5_200_entry_0.010_exit_-0.010_hold_20_cool_5_10bps,0.8543477716924073,0.12215949657084013,0.20065047031680605,0.6753829950122926,0.8269414453126597,0.43566887568875357,-0.28039528042419115,13,0.6666666666666666,0.6951038575667656,2.8041543026706233,0.10263011846962622,0.18529341911048947,-0.06269648281210027,5.910807458396319,0.027829064876712106,-0.054213056930892733,0.053209919107259585,AAPL,allocation_test,hybrid_qqq_regime,5,200,0.0,,False,0.01,-0.01,20,5,10.0,1.3876883998144103,0.17637255350173286,0.726686796875903,-0.33360519953145074,0.5919640252444981,0.5805804618814945,0.3991523490291218,166.8,192.0,2.4262902401635156,0.0771513353115727,0.1190401418804603,0.6616515524631282,0.7119812790299376,True,True
AAPL_hybrid_qqq_regime_trend_5_200_entry_0.010_exit_-0.010_hold_20_cool_0_10bps,0.8543477716924073,0.12215949657084013,0.20065047031680605,0.6753829950122926,0.8269414453126597,0.43566887568875357,-0.28039528042419115,13,0.6666666666666666,0.6951038575667656,2.8041543026706233,0.10263011846962622,0.18529341911048947,-0.06269648281210027,5.910807458396319,0.027829064876712106,-0.054213056930892733,0.053209919107259585,AAPL,allocation_test,hybrid_qqq_regime,5,200,0.0,,False,0.01,-0.01,20,0,10.0,1.3876883998144103,0.17637255350173286,0.726686796875903,-0.33360519953145074,0.5919640252444981,0.5805804618814945,0.3991523490291218,166.8,192.0,2.4262902401635156,0.0771513353115727,0.1190401418804603,0.6616515524631282,0.7119812790299376,True,True
AAPL_hybrid_qqq_regime_trend_5_200_entry_0.010_exit_-0.010_hold_10_cool_0_10bps,0.8543477716924073,0.12215949657084013,0.20065047031680605,0.6753829950122926,0.8269414453126597,0.43566887568875357,-0.28039528042419115,13,0.6666666666666666,0.6951038575667656,2.8041543026706233,0.10263011846962622,0.18529341911048947,-0.06269648281210027,5.910807458396319,0.027829064876712106,-0.054213056930892733,0.053209919107259585,AAPL,allocation_test,hybrid_qqq_regime,5,200,0.0,,False,0.01,-0.01,10,0,10.0,1.3876883998144103,0.17637255350173286,0.726686796875903,-0.33360519953145074,0.5919640252444981,0.5805804618814945,0.3991523490291218,166.8,192.0,2.4262902401635156,0.0771513353115727,0.1190401418804603,0.6616515524631282,0.7119812790299376,True,True
AAPL_hybrid_qqq_regime_trend_5_200_entry_0.010_exit_-0.010_hold_10_cool_10_10bps,0.8543477716924073,0.12215949657084013,0.20065047031680605,0.6753829950122926,0.8269414453126597,0.43566887568875357,-0.28039528042419115,13,0.6666666666666666,0.6951038575667656,2.8041543026706233,0.10263011846962622,0.18529341911048947,-0.06269648281210027,5.910807458396319,0.027829064876712106,-0.054213056930892733,0.053209919107259585,AAPL,allocation_test,hybrid_qqq_regime,5,200,0.0,,False,0.01,-0.01,10,10,10.0,1.3876883998144103,0.17637255350173286,0.726686796875903,-0.33360519953145074,0.5919640252444981,0.5805804618814945,0.3991523490291218,166.8,192.0,2.4262902401635156,0.0771513353115727,0.1190401418804603,0.6616515524631282,0.7119812790299376,True,True
AAPL_hybrid_qqq_regime_trend_5_200_entry_0.010_exit_-0.010_hold_20_cool_10_10bps,0.8543477716924073,0.12215949657084013,0.20065047031680605,0.6753829950122926,0.8269414453126597,0.43566887568875357,-0.28039528042419115,13,0.6666666666666666,0.6951038575667656,2.8041543026706233,0.10263011846962622,0.18529341911048947,-0.06269648281210027,5.910807458396319,0.027829064876712106,-0.054213056930892733,0.053209919107259585,AAPL,allocation_test,hybrid_qqq_regime,5,200,0.0,,False,0.01,-0.01,20,10,10.0,1.3876883998144103,0.17637255350173286,0.726686796875903,-0.33360519953145074,0.5919640252444981,0.5805804618814945,0.3991523490291218,166.8,192.0,2.4262902401635156,0.0771513353115727,0.1190401418804603,0.6616515524631282,0.7119812790299376,True,True
AAPL_hybrid_qqq_regime_trend_5_200_entry_0.010_exit_-0.010_hold_0_cool_10_10bps,0.8543477716924073,0.12215949657084013,0.20065047031680605,0.6753829950122926,0.8269414453126597,0.43566887568875357,-0.28039528042419115,13,0.6666666666666666,0.6951038575667656,2.8041543026706233,0.10263011846962622,0.18529341911048947,-0.06269648281210027,5.910807458396319,0.027829064876712106,-0.054213056930892733,0.053209919107259585,AAPL,allocation_test,hybrid_qqq_regime,5,200,0.0,,False,0.01,-0.01,0,10,10.0,1.3876883998144103,0.17637255350173286,0.726686796875903,-0.33360519953145074,0.5919640252444981,0.5805804618814945,0.3991523490291218,166.8,192.0,2.4262902401635156,0.0771513353115727,0.1190401418804603,0.6616515524631282,0.7119812790299376,True,True
AAPL_long_qqq_regime_trend_5_200_entry_0.010_exit_-0.010_hold_10_cool_5_10bps,0.8486579012385114,0.12151605697037215,0.2006564496216938,0.6725042855412147,0.823484352433001,0.4333741166632293,-0.2803952804241908,11,0.6666666666666666,0.6951038575667656,2.8041543026706233,0.10091910304214047,0.18272689596926084,-0.06269648281210027,5.828936098916062,0.027763953509654327,-0.05485649653136071,0.05320991910725992,AAPL,allocation_test,long_qqq_regime,5,200,0.0,,False,0.01,-0.01,10,5,10.0,1.3876883998144103,0.17637255350173286,0.726686796875903,-0.33360519953145074,0.5917320301755418,0.5807079907740162,0.40959568688410086,166.4,191.0,2.0530148185998978,0.07789317507418397,0.11839539864039117,0.6587273449072626,0.7084591299583919,True,True
AAPL_long_qqq_regime_trend_5_200_entry_0.010_exit_-0.010_hold_20_cool_5_10bps,0.8486579012385114,0.12151605697037215,0.2006564496216938,0.6725042855412147,0.823484352433001,0.4333741166632293,-0.2803952804241908,11,0.6666666666666666,0.6951038575667656,2.8041543026706233,0.10091910304214047,0.18272689596926084,-0.06269648281210027,5.828936098916062,0.027763953509654327,-0.05485649653136071,0.05320991910725992,AAPL,allocation_test,long_qqq_regime,5,200,0.0,,False,0.01,-0.01,20,5,10.0,1.3876883998144103,0.17637255350173286,0.726686796875903,-0.33360519953145074,0.5917320301755418,0.5807079907740162,0.40959568688410086,166.4,191.0,2.0530148185998978,0.07789317507418397,0.11839539864039117,0.6587273449072626,0.7084591299583919,True,True
AAPL_long_qqq_regime_trend_5_200_entry_0.010_exit_-0.010_hold_20_cool_0_10bps,0.8486579012385114,0.12151605697037215,0.2006564496216938,0.6725042855412147,0.823484352433001,0.4333741166632293,-0.2803952804241908,11,0.6666666666666666,0.6951038575667656,2.8041543026706233,0.10091910304214047,0.18272689596926084,-0.06269648281210027,5.828936098916062,0.027763953509654327,-0.05485649653136071,0.05320991910725992,AAPL,allocation_test,long_qqq_regime,5,200,0.0,,False,0.01,-0.01,20,0,10.0,1.3876883998144103,0.17637255350173286,0.726686796875903,-0.33360519953145074,0.5917320301755418,0.5807079907740162,0.40959568688410086,166.4,191.0,2.0530148185998978,0.07789317507418397,0.11839539864039117,0.6587273449072626,0.7084591299583919,True,True
AAPL_long_qqq_regime_trend_5_200_entry_0.010_exit_-0.010_hold_10_cool_0_10bps,0.8486579012385114,0.12151605697037215,0.2006564496216938,0.6725042855412147,0.823484352433001,0.4333741166632293,-0.2803952804241908,11,0.6666666666666666,0.6951038575667656,2.8041543026706233,0.10091910304214047,0.18272689596926084,-0.06269648281210027,5.828936098916062,0.027763953509654327,-0.05485649653136071,0.05320991910725992,AAPL,allocation_test,long_qqq_regime,5,200,0.0,,False,0.01,-0.01,10,0,10.0,1.3876883998144103,0.17637255350173286,0.726686796875903,-0.33360519953145074,0.5917320301755418,0.5807079907740162,0.40959568688410086,166.4,191.0,2.0530148185998978,0.07789317507418397,0.11839539864039117,0.6587273449072626,0.7084591299583919,True,True
AAPL_long_qqq_regime_trend_5_200_entry_0.010_exit_-0.010_hold_10_cool_10_10bps,0.8486579012385114,0.12151605697037215,0.2006564496216938,0.6725042855412147,0.823484352433001,0.4333741166632293,-0.2803952804241908,11,0.6666666666666666,0.6951038575667656,2.8041543026706233,0.10091910304214047,0.18272689596926084,-0.06269648281210027,5.828936098916062,0.027763953509654327,-0.05485649653136071,0.05320991910725992,AAPL,allocation_test,long_qqq_regime,5,200,0.0,,False,0.01,-0.01,10,10,10.0,1.3876883998144103,0.17637255350173286,0.726686796875903,-0.33360519953145074,0.5917320301755418,0.5807079907740162,0.40959568688410086,166.4,191.0,2.0530148185998978,0.07789317507418397,0.11839539864039117,0.6587273449072626,0.7084591299583919,True,True
AAPL_long_qqq_regime_trend_5_200_entry_0.010_exit_-0.010_hold_20_cool_10_10bps,0.8486579012385114,0.12151605697037215,0.2006564496216938,0.6725042855412147,0.823484352433001,0.4333741166632293,-0.2803952804241908,11,0.6666666666666666,0.6951038575667656,2.8041543026706233,0.10091910304214047,0.18272689596926084,-0.06269648281210027,5.828936098916062,0.027763953509654327,-0.05485649653136071,0.05320991910725992,AAPL,allocation_test,long_qqq_regime,5,200,0.0,,False,0.01,-0.01,20,10,10.0,1.3876883998144103,0.17637255350173286,0.726686796875903,-0.33360519953145074,0.5917320301755418,0.5807079907740162,0.40959568688410086,166.4,191.0,2.0530148185998978,0.07789317507418397,0.11839539864039117,0.6587273449072626,0.7084591299583919,True,True
AAPL_long_qqq_regime_trend_5_200_entry_0.010_exit_-0.010_hold_0_cool_10_10bps,0.8486579012385114,0.12151605697037215,0.2006564496216938,0.6725042855412147,0.823484352433001,0.4333741166632293,-0.2803952804241908,11,0.6666666666666666,0.6951038575667656,2.8041543026706233,0.10091910304214047,0.18272689596926084,-0.06269648281210027,5.828936098916062,0.027763953509654327,-0.05485649653136071,0.05320991910725992,AAPL,allocation_test,long_qqq_regime,5,200,0.0,,False,0.01,-0.01,0,10,10.0,1.3876883998144103,0.17637255350173286,0.726686796875903,-0.33360519953145074,0.5917320301755418,0.5807079907740162,0.40959568688410086,166.4,191.0,2.0530148185998978,0.07789317507418397,0.11839539864039117,0.6587273449072626,0.7084591299583919,True,True
AAPL_long_spy_regime_trend_5_200_entry_0.010_exit_-0.010_hold_10_cool_5_10bps,0.7957762356912084,0.11545756270100616,0.19714678004113625,0.6535378402659557,0.7954622302744062,0.42828764576248274,-0.26957948435672585,12,0.6666666666666666,0.6988130563798219,3.178041543026706,0.10703871491189694,0.19190631377389555,-0.06269648281210027,6.121756920528821,0.030605738279356753,-0.06091499080072671,0.06402571517472488,AAPL,allocation_test,long_spy_regime,5,200,0.0,,False,0.01,-0.01,10,5,10.0,1.3876883998144103,0.17637255350173286,0.726686796875903,-0.33360519953145074,0.5879286596308275,0.5805447006551508,0.40959568688410086,166.4,191.0,2.2396525293817064,0.08160237388724036,0.11193930572178457,0.6376233968510822,0.6738865988332561,True,True
AAPL_long_spy_regime_trend_5_200_entry_0.010_exit_-0.010_hold_20_cool_5_10bps,0.7957762356912084,0.11545756270100616,0.19714678004113625,0.6535378402659557,0.7954622302744062,0.42828764576248274,-0.26957948435672585,12,0.6666666666666666,0.6988130563798219,3.178041543026706,0.10703871491189694,0.19190631377389555,-0.06269648281210027,6.121756920528821,0.030605738279356753,-0.06091499080072671,0.06402571517472488,AAPL,allocation_test,long_spy_regime,5,200,0.0,,False,0.01,-0.01,20,5,10.0,1.3876883998144103,0.17637255350173286,0.726686796875903,-0.33360519953145074,0.5879286596308275,0.5805447006551508,0.40959568688410086,166.4,191.0,2.2396525293817064,0.08160237388724036,0.11193930572178457,0.6376233968510822,0.6738865988332561,True,True
AAPL_long_spy_regime_trend_5_200_entry_0.010_exit_-0.010_hold_20_cool_0_10bps,0.7957762356912084,0.11545756270100616,0.19714678004113625,0.6535378402659557,0.7954622302744062,0.42828764576248274,-0.26957948435672585,12,0.6666666666666666,0.6988130563798219,3.178041543026706,0.10703871491189694,0.19190631377389555,-0.06269648281210027,6.121756920528821,0.030605738279356753,-0.06091499080072671,0.06402571517472488,AAPL,allocation_test,long_spy_regime,5,200,0.0,,False,0.01,-0.01,20,0,10.0,1.3876883998144103,0.17637255350173286,0.726686796875903,-0.33360519953145074,0.5879286596308275,0.5805447006551508,0.40959568688410086,166.4,191.0,2.2396525293817064,0.08160237388724036,0.11193930572178457,0.6376233968510822,0.6738865988332561,True,True
AAPL_long_spy_regime_trend_5_200_entry_0.010_exit_-0.010_hold_10_cool_0_10bps,0.7957762356912084,0.11545756270100616,0.19714678004113625,0.6535378402659557,0.7954622302744062,0.42828764576248274,-0.26957948435672585,12,0.6666666666666666,0.6988130563798219,3.178041543026706,0.10703871491189694,0.19190631377389555,-0.06269648281210027,6.121756920528821,0.030605738279356753,-0.06091499080072671,0.06402571517472488,AAPL,allocation_test,long_spy_regime,5,200,0.0,,False,0.01,-0.01,10,0,10.0,1.3876883998144103,0.17637255350173286,0.726686796875903,-0.33360519953145074,0.5879286596308275,0.5805447006551508,0.40959568688410086,166.4,191.0,2.2396525293817064,0.08160237388724036,0.11193930572178457,0.6376233968510822,0.6738865988332561,True,True
AAPL_long_spy_regime_trend_5_200_entry_0.010_exit_-0.010_hold_10_cool_10_10bps,0.7957762356912084,0.11545756270100616,0.19714678004113625,0.6535378402659557,0.7954622302744062,0.42828764576248274,-0.26957948435672585,12,0.6666666666666666,0.6988130563798219,3.178041543026706,0.10703871491189694,0.19190631377389555,-0.06269648281210027,6.121756920528821,0.030605738279356753,-0.06091499080072671,0.06402571517472488,AAPL,allocation_test,long_spy_regime,5,200,0.0,,False,0.01,-0.01,10,10,10.0,1.3876883998144103,0.17637255350173286,0.726686796875903,-0.33360519953145074,0.5879286596308275,0.5805447006551508,0.40959568688410086,166.4,191.0,2.2396525293817064,0.08160237388724036,0.11193930572178457,0.6376233968510822,0.6738865988332561,True,True
AAPL_long_spy_regime_trend_5_200_entry_0.010_exit_-0.010_hold_20_cool_10_10bps,0.7957762356912084,0.11545756270100616,0.19714678004113625,0.6535378402659557,0.7954622302744062,0.42828764576248274,-0.26957948435672585,12,0.6666666666666666,0.6988130563798219,3.178041543026706,0.10703871491189694,0.19190631377389555,-0.06269648281210027,6.121756920528821,0.030605738279356753,-0.06091499080072671,0.06402571517472488,AAPL,allocation_test,long_spy_regime,5,200,0.0,,False,0.01,-0.01,20,10,10.0,1.3876883998144103,0.17637255350173286,0.726686796875903,-0.33360519953145074,0.5879286596308275,0.5805447006551508,0.40959568688410086,166.4,191.0,2.2396525293817064,0.08160237388724036,0.11193930572178457,0.6376233968510822,0.6738865988332561,True,True
AAPL_long_spy_regime_trend_5_200_entry_0.010_exit_-0.010_hold_0_cool_10_10bps,0.7957762356912084,0.11545756270100616,0.19714678004113625,0.6535378402659557,0.7954622302744062,0.42828764576248274,-0.26957948435672585,12,0.6666666666666666,0.6988130563798219,3.178041543026706,0.10703871491189694,0.19190631377389555,-0.06269648281210027,6.121756920528821,0.030605738279356753,-0.06091499080072671,0.06402571517472488,AAPL,allocation_test,long_spy_regime,5,200,0.0,,False,0.01,-0.01,0,10,10.0,1.3876883998144103,0.17637255350173286,0.726686796875903,-0.33360519953145074,0.5879286596308275,0.5805447006551508,0.40959568688410086,166.4,191.0,2.2396525293817064,0.08160237388724036,0.11193930572178457,0.6376233968510822,0.6738865988332561,True,True
AAPL_hybrid_spy_regime_trend_5_200_entry_0.010_exit_-0.010_hold_10_cool_5_10bps,0.7890412210488722,0.11467557093391045,0.1972320207214046,0.649777439294615,0.7912936903071365,0.42538686208837817,-0.2695794843567254,15,0.6666666666666666,0.6988130563798219,3.178041543026706,0.1053320644008831,0.18934633800737477,-0.06269648281210027,6.040094420442717,0.03052457851292223,-0.06169698256782241,0.06402571517472533,AAPL,allocation_test,hybrid_spy_regime,5,200,0.0,,False,0.01,-0.01,10,5,10.0,1.3876883998144103,0.17637255350173286,0.726686796875903,-0.33360519953145074,0.5881798476654998,0.5812982353536277,0.40811679497166364,167.0,192.0,2.7995656617271334,0.08048961424332345,0.11115716789363406,0.6338298498678674,0.6693442060948198,True,True
AAPL_hybrid_spy_regime_trend_5_200_entry_0.010_exit_-0.010_hold_20_cool_5_10bps,0.7890412210488722,0.11467557093391045,0.1972320207214046,0.649777439294615,0.7912936903071365,0.42538686208837817,-0.2695794843567254,15,0.6666666666666666,0.6988130563798219,3.178041543026706,0.1053320644008831,0.18934633800737477,-0.06269648281210027,6.040094420442717,0.03052457851292223,-0.06169698256782241,0.06402571517472533,AAPL,allocation_test,hybrid_spy_regime,5,200,0.0,,False,0.01,-0.01,20,5,10.0,1.3876883998144103,0.17637255350173286,0.726686796875903,-0.33360519953145074,0.5881798476654998,0.5812982353536277,0.40811679497166364,167.0,192.0,2.7995656617271334,0.08048961424332345,0.11115716789363406,0.6338298498678674,0.6693442060948198,True,True
AAPL_hybrid_spy_regime_trend_5_200_entry_0.010_exit_-0.010_hold_20_cool_0_10bps,0.7890412210488722,0.11467557093391045,0.1972320207214046,0.649777439294615,0.7912936903071365,0.42538686208837817,-0.2695794843567254,15,0.6666666666666666,0.6988130563798219,3.178041543026706,0.1053320644008831,0.18934633800737477,-0.06269648281210027,6.040094420442717,0.03052457851292223,-0.06169698256782241,0.06402571517472533,AAPL,allocation_test,hybrid_spy_regime,5,200,0.0,,False,0.01,-0.01,20,0,10.0,1.3876883998144103,0.17637255350173286,0.726686796875903,-0.33360519953145074,0.5881798476654998,0.5812982353536277,0.40811679497166364,167.0,192.0,2.7995656617271334,0.08048961424332345,0.11115716789363406,0.6338298498678674,0.6693442060948198,True,True
AAPL_hybrid_spy_regime_trend_5_200_entry_0.010_exit_-0.010_hold_10_cool_0_10bps,0.7890412210488722,0.11467557093391045,0.1972320207214046,0.649777439294615,0.7912936903071365,0.42538686208837817,-0.2695794843567254,15,0.6666666666666666,0.6988130563798219,3.178041543026706,0.1053320644008831,0.18934633800737477,-0.06269648281210027,6.040094420442717,0.03052457851292223,-0.06169698256782241,0.06402571517472533,AAPL,allocation_test,hybrid_spy_regime,5,200,0.0,,False,0.01,-0.01,10,0,10.0,1.3876883998144103,0.17637255350173286,0.726686796875903,-0.33360519953145074,0.5881798476654998,0.5812982353536277,0.40811679497166364,167.0,192.0,2.7995656617271334,0.08048961424332345,0.11115716789363406,0.6338298498678674,0.6693442060948198,True,True
AAPL_hybrid_spy_regime_trend_5_200_entry_0.010_exit_-0.010_hold_10_cool_10_10bps,0.7890412210488722,0.11467557093391045,0.1972320207214046,0.649777439294615,0.7912936903071365,0.42538686208837817,-0.2695794843567254,15,0.6666666666666666,0.6988130563798219,3.178041543026706,0.1053320644008831,0.18934633800737477,-0.06269648281210027,6.040094420442717,0.03052457851292223,-0.06169698256782241,0.06402571517472533,AAPL,allocation_test,hybrid_spy_regime,5,200,0.0,,False,0.01,-0.01,10,10,10.0,1.3876883998144103,0.17637255350173286,0.726686796875903,-0.33360519953145074,0.5881798476654998,0.5812982353536277,0.40811679497166364,167.0,192.0,2.7995656617271334,0.08048961424332345,0.11115716789363406,0.6338298498678674,0.6693442060948198,True,True
AAPL_hybrid_spy_regime_trend_5_200_entry_0.010_exit_-0.010_hold_20_cool_10_10bps,0.7890412210488722,0.11467557093391045,0.1972320207214046,0.649777439294615,0.7912936903071365,0.42538686208837817,-0.2695794843567254,15,0.6666666666666666,0.6988130563798219,3.178041543026706,0.1053320644008831,0.18934633800737477,-0.06269648281210027,6.040094420442717,0.03052457851292223,-0.06169698256782241,0.06402571517472533,AAPL,allocation_test,hybrid_spy_regime,5,200,0.0,,False,0.01,-0.01,20,10,10.0,1.3876883998144103,0.17637255350173286,0.726686796875903,-0.33360519953145074,0.5881798476654998,0.5812982353536277,0.40811679497166364,167.0,192.0,2.7995656617271334,0.08048961424332345,0.11115716789363406,0.6338298498678674,0.6693442060948198,True,True
AAPL_hybrid_spy_regime_trend_5_200_entry_0.010_exit_-0.010_hold_0_cool_10_10bps,0.7890412210488722,0.11467557093391045,0.1972320207214046,0.649777439294615,0.7912936903071365,0.42538686208837817,-0.2695794843567254,15,0.6666666666666666,0.6988130563798219,3.178041543026706,0.1053320644008831,0.18934633800737477,-0.06269648281210027,6.040094420442717,0.03052457851292223,-0.06169698256782241,0.06402571517472533,AAPL,allocation_test,hybrid_spy_regime,5,200,0.0,,False,0.01,-0.01,0,10,10.0,1.3876883998144103,0.17637255350173286,0.726686796875903,-0.33360519953145074,0.5881798476654998,0.5812982353536277,0.40811679497166364,167.0,192.0,2.7995656617271334,0.08048961424332345,0.11115716789363406,0.6338298498678674,0.6693442060948198,True,True
AAPL_hybrid_qqq_regime_trend_50_200_entry_0.020_exit_-0.010_hold_10_cool_0_10bps,0.6564466924337449,0.09876996681943284,0.20892931695085018,0.5557257535422896,0.6190206926794961,0.296068427465026,-0.33360519953145074,13,1.0,0.6765578635014837,2.8041543026706233,0.10987558303762313,0.10987558303762313,,,0.024801111946134435,-0.07760258668230002,0.0,AAPL,allocation_test,hybrid_qqq_regime,50,200,0.0,,False,0.02,-0.01,10,0,10.0,1.3876883998144103,0.17637255350173286,0.726686796875903,-0.33360519953145074,0.5833196014623,0.5839923545846433,0.7126655408158243,200.5,191.0,2.4262902401635156,0.09272997032640949,0.09572269390233079,0.5425731618976144,0.5423295482548975,True,True
AAPL_long_qqq_regime_trend_50_200_entry_0.020_exit_-0.010_hold_10_cool_0_10bps,0.5910210601248793,0.09053682066311963,0.20742158675419822,0.5219394216885416,0.5752184512929839,0.2713891174066798,-0.3336051995314504,10,1.0,0.6765578635014837,2.8041543026706233,0.09459002579996623,0.09459002579996623,,,0.023847473959853982,-0.08583573283861323,3.3306690738754696e-16,AAPL,allocation_test,long_qqq_regime,50,200,0.0,,False,0.02,-0.01,10,0,10.0,1.3876883998144103,0.17637255350173286,0.726686796875903,-0.33360519953145074,0.5720852473331289,0.5765718912878622,0.8123049324187154,193.0,181.0,1.8663771078180889,0.10385756676557864,0.08750791296770455,0.5086255001412243,0.5003100702448364,True,True
AAPL_long_cash_hysteresis_trend_5_50_entry_0.020_exit_-0.005_hold_20_cool_10_10bps,0.5631267668868247,0.08694265810044488,0.17018133663895763,0.5757118080735228,0.6446276852985847,0.350166003282087,-0.2482898319241047,29,0.5,0.5326409495548962,5.421364985163205,0.031279161361469084,0.11850446813300564,-0.05594614541006747,2.1181882552301956,0.046042160181472225,-0.08942989540128798,0.08531536760734604,AAPL,allocation_test,long_cash_hysteresis,5,50,0.0,,False,0.02,-0.005,20,10,10.0,1.3876883998144103,0.17637255350173286,0.726686796875903,-0.33360519953145074,0.46794797026413437,0.4651912010430913,0.5206907651570515,47.86666666666667,37.0,5.412493612672457,0.0,0.08106361826578401,0.5436225173241019,0.48845755057111256,True,True
AAPL_long_cash_hysteresis_trend_5_50_entry_0.020_exit_-0.005_hold_20_cool_5_10bps,0.49595801645457316,0.0780689984101346,0.1693049485441331,0.5293176976054617,0.5889627367211392,0.2796367137800252,-0.2791800738709409,31,0.4666666666666667,0.5311572700296736,5.795252225519287,0.026333055108352273,0.11850446813300564,-0.05431693128821942,1.909007139342372,0.04714396163214318,-0.09830355509159827,0.05442512566050983,AAPL,allocation_test,long_cash_hysteresis,5,50,0.0,,False,0.02,-0.005,20,5,10.0,1.3876883998144103,0.17637255350173286,0.726686796875903,-0.33360519953145074,0.4624327454192696,0.46462326468900883,0.5634063829044248,44.75,29.5,5.7857690342360755,0.0,0.07183775957623872,0.49487436800660933,0.4027891698250797,True,True
AAPL_long_cash_hysteresis_trend_5_50_entry_0.020_exit_-0.005_hold_20_cool_0_10bps,0.49595801645457316,0.0780689984101346,0.1693049485441331,0.5293176976054617,0.5889627367211392,0.2796367137800252,-0.2791800738709409,31,0.4666666666666667,0.5311572700296736,5.795252225519287,0.026333055108352273,0.11850446813300564,-0.05431693128821942,1.909007139342372,0.04714396163214318,-0.09830355509159827,0.05442512566050983,AAPL,allocation_test,long_cash_hysteresis,5,50,0.0,,False,0.02,-0.005,20,0,10.0,1.3876883998144103,0.17637255350173286,0.726686796875903,-0.33360519953145074,0.4624327454192696,0.46462326468900883,0.5634063829044248,44.75,29.5,5.7857690342360755,0.0,0.07183775957623872,0.49487436800660933,0.4027891698250797,True,True
AAPL_hybrid_spy_regime_trend_50_200_entry_0.020_exit_-0.010_hold_10_cool_0_10bps,0.3856692641977071,0.06276934871332429,0.20853543794941942,0.39632909467371064,0.4477711403479069,0.18815458752286862,-0.3336051995314502,13,1.0,0.6973293768545994,2.8041543026706233,0.02959182700245111,0.02959182700245111,,,0.020780090727372302,-0.11360320478840857,5.551115123125783e-16,AAPL,allocation_test,hybrid_spy_regime,50,200,0.0,,False,0.02,-0.01,10,0,10.0,1.3876883998144103,0.17637255350173286,0.726686796875903,-0.33360519953145074,0.5809809679260508,0.6041583018438627,0.7126655408158243,200.5,191.0,2.4262902401635156,0.11350148367952523,0.059817237707860516,0.3830365997337315,0.34693227128021026,True,True
AAPL_long_spy_regime_trend_50_200_entry_0.020_exit_-0.010_hold_10_cool_0_10bps,0.3144230601022864,0.05235061757727277,0.2070279972202227,0.35004555882133503,0.3905593016172639,0.1569238658474126,-0.3336051995314513,10,1.0,0.6973293768545994,2.8041543026706233,0.012298446438919641,0.012298446438919641,,,0.019733941451155035,-0.12402193592446009,-5.551115123125783e-16,AAPL,allocation_test,long_spy_regime,50,200,0.0,,False,0.02,-0.01,10,0,10.0,1.3876883998144103,0.17637255350173286,0.726686796875903,-0.33360519953145074,0.5676984498849418,0.5960010873969828,0.8123049324187154,193.0,181.0,1.8663771078180889,0.12462908011869436,0.04942300995283211,0.33660419671534597,0.2902300042917826,True,True
AAPL_long_cash_hysteresis_trend_50_200_entry_0.020_exit_-0.010_hold_10_cool_0_10bps,0.1566010495205561,0.027525099177292622,0.20224869770703127,0.23521909944019287,0.24275891999900331,0.08250800411969504,-0.33360519953145074,7,0.6666666666666666,0.5727002967359051,1.3086053412462908,-0.008597353255808201,0.027615253994973554,-0.08102256775737171,0.6816682008318855,0.008078121786917247,-0.14884745432444024,0.0,AAPL,allocation_test,long_cash_hysteresis,50,200,0.0,,False,0.02,-0.01,10,0,10.0,1.3876883998144103,0.17637255350173286,0.726686796875903,-0.33360519953145074,0.5168482681168335,0.5551714116598858,0.8123049324187154,193.0,181.0,1.3064639754726621,0.0,0.026189869001171706,0.22878247495652446,0.21039998496763385,True,True
AAPL_long_qqq_regime_trend_5_50_entry_0.020_exit_-0.005_hold_20_cool_10_10bps,1.0340057870454018,0.14169512274400886,0.20436201870319215,0.7514202891602494,0.9896964969996148,0.46563005354566345,-0.30430837027170776,33,0.5714285714285714,0.7685459940652819,9.53412462908012,0.06245774630782016,0.1609736201730118,-0.06889675217910203,3.1152628647293246,0.1063087011057342,-0.034677430757724004,0.029296829259742974,AAPL,allocation_test,long_qqq_regime,5,50,0.0,,False,0.02,-0.005,20,10,10.0,1.3876883998144103,0.17637255350173286,0.726686796875903,-0.33360519953145074,0.600663676598461,0.5779301196132844,0.5206907651570515,47.86666666666667,37.0,6.159044455799693,0.23590504451038577,0.13087254326302245,0.7045943529615003,0.5263988413709249,True,False
AAPL_long_qqq_regime_trend_5_50_entry_0.020_exit_-0.005_hold_20_cool_5_10bps,0.9764819273057805,0.1355983784294661,0.20369036344900218,0.7268907719498701,0.9535818926231018,0.4455952963383634,-0.3043083702717079,35,0.5714285714285714,0.7685459940652819,10.281899109792285,0.05668862790239383,0.15087766296351574,-0.06889675217910203,2.919879543258168,0.11163220449392885,-0.04077417507226677,0.029296829259742863,AAPL,allocation_test,long_qqq_regime,5,50,0.0,,False,0.02,-0.005,20,5,10.0,1.3876883998144103,0.17637255350173286,0.726686796875903,-0.33360519953145074,0.5970059454821814,0.5775242517052708,0.5634063829044248,44.75,29.5,6.532319877363311,0.23738872403560832,0.12399306066383509,0.6762266113427732,0.4658616006175162,True,False
AAPL_long_qqq_regime_trend_5_50_entry_0.020_exit_-0.005_hold_20_cool_0_10bps,0.9764819273057805,0.1355983784294661,0.20369036344900218,0.7268907719498701,0.9535818926231018,0.4455952963383634,-0.3043083702717079,35,0.5714285714285714,0.7685459940652819,10.281899109792285,0.05668862790239383,0.15087766296351574,-0.06889675217910203,2.919879543258168,0.11163220449392885,-0.04077417507226677,0.029296829259742863,AAPL,allocation_test,long_qqq_regime,5,50,0.0,,False,0.02,-0.005,20,0,10.0,1.3876883998144103,0.17637255350173286,0.726686796875903,-0.33360519953145074,0.5970059454821814,0.5775242517052708,0.5634063829044248,44.75,29.5,6.532319877363311,0.23738872403560832,0.12399306066383509,0.6762266113427732,0.4658616006175162,True,False
AAPL_hybrid_qqq_regime_trend_5_50_entry_0.000_exit_-0.005_hold_10_cool_0_10bps,1.2315735943558486,0.16161978092977192,0.20310464792958868,0.8401195099264908,1.135246305174085,0.6654948041297867,-0.24285656315695647,59,0.5,0.7781899109792285,14.768545994065281,0.07227255205764262,0.19031742228687598,-0.04577231817159075,4.157915305347135,0.1836358664740514,-0.014752772571960948,0.09074863637449426,AAPL,allocation_test,hybrid_qqq_regime,5,50,0.0,,False,0.0,-0.005,10,0,10.0,1.3876883998144103,0.17637255350173286,0.726686796875903,-0.33360519953145074,0.6231999178881055,0.5919073678331065,0.4431272258053775,34.608695652173914,19.0,11.011624936126724,0.1925074183976261,0.14457563195766454,0.7665883101677842,0.4563717692808986,True,False
AAPL_long_qqq_regime_trend_5_50_entry_0.000_exit_-0.005_hold_10_cool_5_10bps,1.1949435036482923,0.1580370964351323,0.20328689618922327,0.8243131648547549,1.1202717745121773,0.662442079569515,-0.23856741790592773,47,0.5,0.7781899109792285,14.3946587537092,0.0714098289622788,0.18859197609614836,-0.04577231817159075,4.120219023846616,0.1760481789524273,-0.018335457066600558,0.09503778162552301,AAPL,allocation_test,long_qqq_regime,5,50,0.0,,False,0.0,-0.005,10,5,10.0,1.3876883998144103,0.17637255350173286,0.726686796875903,-0.33360519953145074,0.6215358487343526,0.5921029666574763,0.4873442595566666,35.5,20.5,8.771972406745018,0.19881305637982197,0.14145207175362318,0.7524039069577515,0.45408280195428075,True,False
AAPL_long_spy_regime_trend_5_50_entry_0.020_exit_-0.005_hold_20_cool_10_10bps,0.8697775592273265,0.12389632932895434,0.19402580893537216,0.6998024999906456,0.9111937954586103,0.4279319065170659,-0.2895234672668965,34,0.5714285714285714,0.7752225519287834,9.908011869436201,0.05171148076426021,0.1421676554717819,-0.06889675217910203,2.751317993475356,0.10175247278373001,-0.05247622417277853,0.04408173226455425,AAPL,allocation_test,long_spy_regime,5,50,0.0,,False,0.02,-0.005,20,10,10.0,1.3876883998144103,0.17637255350173286,0.726686796875903,-0.33360519953145074,0.5773897138373306,0.5634342298313167,0.5206907651570515,47.86666666666667,37.0,6.3456821665815015,0.24258160237388723,0.11281682287316053,0.648409489597855,0.44941922067442897,True,False
AAPL_hybrid_qqq_regime_trend_5_50_entry_0.020_exit_-0.005_hold_20_cool_10_10bps,1.027108133324003,0.14097152282323178,0.20351670774410457,0.7505566268571188,0.9889859956779807,0.4903231011676118,-0.2875074058055489,53,0.5714285714285714,0.7685459940652819,11.777448071216616,0.05965218046677915,0.15606387995119003,-0.06889675217910203,3.020246480230608,0.13155289530924508,-0.03540103067850109,0.04609779372590184,AAPL,allocation_test,hybrid_qqq_regime,5,50,0.0,,False,0.02,-0.005,20,10,10.0,1.3876883998144103,0.17637255350173286,0.726686796875903,-0.33360519953145074,0.6078176704537352,0.5866169831329557,0.5118329499630212,37.42857142857143,24.0,9.89179867143587,0.21068249258160238,0.1276426276776199,0.6927236588809609,0.4434791236946368,True,False
AAPL_long_qqq_regime_trend_5_50_entry_0.000_exit_-0.005_hold_10_cool_0_10bps,1.1749140374294051,0.15605745957519535,0.20328882037032897,0.81588243112951,1.1041345067879766,0.6493785030482437,-0.24031817937096311,47,0.5,0.7781899109792285,14.3946587537092,0.0701211117841757,0.18601454173994214,-0.04577231817159075,4.0639091304620605,0.17448535325552328,-0.02031509392653752,0.09328702016048762,AAPL,allocation_test,long_qqq_regime,5,50,0.0,,False,0.0,-0.005,10,0,10.0,1.3876883998144103,0.17637255350173286,0.726686796875903,-0.33360519953145074,0.6208683671222183,0.5925121670208048,0.47202958661752237,35.59090909090909,20.5,8.771972406745018,0.19732937685459942,0.1394968178400926,0.7439288107182623,0.44279705063658115,True,False
AAPL_hybrid_qqq_regime_trend_5_50_entry_0.000_exit_-0.005_hold_10_cool_5_10bps,1.2431727560732622,0.16274428924780238,0.20308844990079705,0.84493574435942,1.146575530983541,0.670717032878448,-0.24264224892182817,61,0.5,0.7781899109792285,15.516320474777448,0.07320381146696113,0.192179941105513,-0.04577231817159075,4.198606248979373,0.19423382795450106,-0.013628264253930489,0.09096295060962256,AAPL,allocation_test,hybrid_qqq_regime,5,50,0.0,,False,0.0,-0.005,10,5,10.0,1.3876883998144103,0.17637255350173286,0.726686796875903,-0.33360519953145074,0.6236430620692661,0.5917532252548215,0.45844189874452174,31.76,16.0,11.384900357690341,0.19399109792284866,0.14483459443018654,0.7678018499334277,0.43250868992093583,True,False
AAPL_long_cash_hysteresis_trend_5_50_entry_0.000_exit_-0.005_hold_10_cool_0_10bps,0.6159371018408559,0.09370415667621668,0.17179476613459524,0.6080225466866855,0.7289561439548733,0.3690957385260426,-0.25387493513313786,43,0.3333333333333333,0.5808605341246291,8.038575667655786,0.021937615232658834,0.14177661713791712,-0.037981885719970306,1.8663714880192626,0.07110471237511895,-0.08266839682551619,0.07973026439831288,AAPL,allocation_test,long_cash_hysteresis,5,50,0.0,,False,0.0,-0.005,10,0,10.0,1.3876883998144103,0.17637255350173286,0.726686796875903,-0.33360519953145074,0.49674222490165737,0.4935081860950871,0.47202958661752237,35.59090909090909,20.5,8.025421563617781,0.0,0.08494064156118597,0.5608112421599871,0.4200488088558272,True,False
AAPL_long_cash_hysteresis_trend_5_50_entry_0.000_exit_-0.005_hold_10_cool_5_10bps,0.5916026393389093,0.09061120956173063,0.1716534012667582,0.5918444380466105,0.7123362773727575,0.3569127827219809,-0.25387493513313786,43,0.3333333333333333,0.5793768545994066,8.038575667655786,0.02122262584289339,0.14177661713791712,-0.039054369804618475,1.8151184854242732,0.0700556435856996,-0.08576134394000223,0.07973026439831288,AAPL,allocation_test,long_cash_hysteresis,5,50,0.0,,False,0.0,-0.005,10,5,10.0,1.3876883998144103,0.17637255350173286,0.726686796875903,-0.33360519953145074,0.4955422246334904,0.49409692328252425,0.4873442595566666,35.5,20.5,8.025421563617781,0.0,0.08186983512565771,0.544562079439017,0.40077775310126607,True,False
AAPL_hybrid_qqq_regime_trend_5_50_entry_0.020_exit_-0.005_hold_20_cool_5_10bps,0.9575677262156297,0.13356219910378742,0.20285988479460967,0.7201523485374199,0.9457208043313603,0.4645522042452016,-0.2875074058055489,55,0.5714285714285714,0.7685459940652819,12.1513353115727,0.052697906863196274,0.14389390114492,-0.06889675217910203,2.7847253867808366,0.131242664905723,-0.04281035439794545,0.04609779372590184,AAPL,allocation_test,hybrid_qqq_regime,5,50,0.0,,False,0.02,-0.005,20,5,10.0,1.3876883998144103,0.17637255350173286,0.726686796875903,-0.33360519953145074,0.6042244555850663,0.5870755676844929,0.5585511254676196,37.476190476190474,24.0,10.26507409299949,0.211053412462908,0.11989838981324819,0.6602407350925275,0.39071003204125027,True,False
AAPL_hybrid_qqq_regime_trend_5_50_entry_0.020_exit_-0.005_hold_20_cool_0_10bps,0.9575677262156297,0.13356219910378742,0.20285988479460967,0.7201523485374199,0.9457208043313603,0.4645522042452016,-0.2875074058055489,55,0.5714285714285714,0.7685459940652819,12.1513353115727,0.052697906863196274,0.14389390114492,-0.06889675217910203,2.7847253867808366,0.131242664905723,-0.04281035439794545,0.04609779372590184,AAPL,allocation_test,hybrid_qqq_regime,5,50,0.0,,False,0.02,-0.005,20,0,10.0,1.3876883998144103,0.17637255350173286,0.726686796875903,-0.33360519953145074,0.6042244555850663,0.5870755676844929,0.5585511254676196,37.476190476190474,24.0,10.26507409299949,0.211053412462908,0.11989838981324819,0.6602407350925275,0.39071003204125027,True,False
AAPL_long_spy_regime_trend_5_50_entry_0.020_exit_-0.005_hold_20_cool_5_10bps,0.7890113907955729,0.11467210206872935,0.1932838514765049,0.6590313779554327,0.8543650445869213,0.3960718733829594,-0.2895234672668958,36,0.5714285714285714,0.7752225519287834,10.655786350148368,0.0433108837078558,0.12746661062307418,-0.06889675217910203,2.46681411612777,0.10491301970533606,-0.06170045143300351,0.04408173226455492,AAPL,allocation_test,long_spy_regime,5,50,0.0,,False,0.02,-0.005,20,5,10.0,1.3876883998144103,0.17637255350173286,0.726686796875903,-0.33360519953145074,0.5727010750411498,0.5638335786645303,0.5634063829044248,44.75,29.5,6.71895758814512,0.24406528189910978,0.10285875227997443,0.6035771702317403,0.36951289215050476,True,False
AAPL_long_spy_regime_trend_5_50_entry_0.020_exit_-0.005_hold_20_cool_0_10bps,0.7890113907955729,0.11467210206872935,0.1932838514765049,0.6590313779554327,0.8543650445869213,0.3960718733829594,-0.2895234672668958,36,0.5714285714285714,0.7752225519287834,10.655786350148368,0.0433108837078558,0.12746661062307418,-0.06889675217910203,2.46681411612777,0.10491301970533606,-0.06170045143300351,0.04408173226455492,AAPL,allocation_test,long_spy_regime,5,50,0.0,,False,0.02,-0.005,20,0,10.0,1.3876883998144103,0.17637255350173286,0.726686796875903,-0.33360519953145074,0.5727010750411498,0.5638335786645303,0.5634063829044248,44.75,29.5,6.71895758814512,0.24406528189910978,0.10285875227997443,0.6035771702317403,0.36951289215050476,True,False
AAPL_hybrid_spy_regime_trend_5_50_entry_0.020_exit_-0.005_hold_20_cool_10_10bps,0.8469356906230212,0.12132098305290917,0.19452807784087253,0.6866770598980513,0.896926747323471,0.43769678316125854,-0.27718043111185364,54,0.5714285714285714,0.7752225519287834,11.96439169139466,0.046231926272833936,0.1325784351117859,-0.06889675217910203,2.5657413626143803,0.12188479847727796,-0.055051570448823695,0.05642476841959709,AAPL,allocation_test,hybrid_spy_regime,5,50,0.0,,False,0.02,-0.005,20,10,10.0,1.3876883998144103,0.17637255350173286,0.726686796875903,-0.33360519953145074,0.5874659559311789,0.5763922989679,0.5049908938871467,37.476190476190474,24.0,10.07843638221768,0.21698813056379823,0.10800864556552447,0.6251219742062373,0.3576347595049726,True,False
AAPL_hybrid_spy_regime_trend_5_50_entry_0.000_exit_-0.005_hold_10_cool_0_10bps,0.9523772752247892,0.13300063174822174,0.19429854997872664,0.7406513881181063,0.9951239810427691,0.5473342321366039,-0.24299710111138706,59,0.5,0.7841246290801187,14.768545994065281,0.052196184257737324,0.1501646866870654,-0.04577231817159075,3.280687819308817,0.16068849476403746,-0.04337192175351112,0.09060809842006368,AAPL,allocation_test,hybrid_spy_regime,5,50,0.0,,False,0.0,-0.005,10,0,10.0,1.3876883998144103,0.17637255350173286,0.726686796875903,-0.33360519953145074,0.6007651788420266,0.5844661164127848,0.4431272258053775,34.608695652173914,19.0,11.011624936126724,0.19844213649851633,0.11637367662843578,0.6638384494141961,0.32821422931374855,True,False
AAPL_hybrid_qqq_regime_trend_5_50_entry_0.000_exit_-0.005_hold_20_cool_0_10bps,0.8999405970279843,0.1272581910624584,0.2054067170651552,0.6865517877712196,0.9214179001764652,0.46519394666384684,-0.2735594303732767,53,0.5,0.7908011869436202,12.899109792284866,0.04403972339688525,0.15599264976659905,-0.06791320297282855,2.2969414331556455,0.1354010834536381,-0.04911436243927447,0.060045769158174056,AAPL,allocation_test,hybrid_qqq_regime,5,50,0.0,,False,0.0,-0.005,20,0,10.0,1.3876883998144103,0.17637255350173286,0.726686796875903,-0.33360519953145074,0.6316064678335408,0.6216642794909384,0.6149245725061336,41.0,23.0,9.89179867143587,0.15652818991097922,0.11284654357247415,0.623838996854916,0.3278684717213704,True,False
AAPL_long_spy_regime_trend_5_50_entry_0.000_exit_-0.005_hold_10_cool_5_10bps,0.9112994669213279,0.12851296213685282,0.19411183261266707,0.7206823274262444,0.972148054913545,0.5294595004979745,-0.24272482034222076,47,0.5,0.7841246290801187,14.3946587537092,0.050548583425396795,0.14686948502238434,-0.04577231817159075,3.208696672775053,0.1533231810030018,-0.04785959136488005,0.09088037918922998,AAPL,allocation_test,long_spy_regime,5,50,0.0,,False,0.0,-0.005,10,5,10.0,1.3876883998144103,0.17637255350173286,0.726686796875903,-0.33360519953145074,0.5976203319973883,0.5836292410657902,0.4873442595566666,35.5,20.5,8.771972406745018,0.20474777448071216,0.11234825179082786,0.6454661210486505,0.3188491290093442,True,False
AAPL_long_spy_regime_trend_5_50_entry_0.000_exit_-0.005_hold_10_cool_0_10bps,0.9015363159587535,0.12743483180614623,0.19427338673227876,0.715321686442772,0.9616842559248973,0.525017720175772,-0.2427248203422201,47,0.5,0.7841246290801187,14.3946587537092,0.05057112671590826,0.14691457160340726,-0.04577231817159075,3.209681691293318,0.15256055640694388,-0.04893772169558663,0.09088037918923064,AAPL,allocation_test,long_spy_regime,5,50,0.0,,False,0.0,-0.005,10,0,10.0,1.3876883998144103,0.17637255350173286,0.726686796875903,-0.33360519953145074,0.5977239892136367,0.5843781083584038,0.47202958661752237,35.59090909090909,20.5,8.771972406745018,0.2032640949554896,0.11128347889468615,0.6401495160743983,0.3124103576951656,True,False
AAPL_long_qqq_regime_trend_5_50_entry_0.000_exit_-0.005_hold_20_cool_0_10bps,0.8455139547524018,0.12115983224194893,0.2055329089398447,0.6598120647522072,0.8865217791260221,0.4421072817561606,-0.27405075021762093,42,0.5,0.7908011869436202,12.525222551928785,0.04209036477077244,0.15209393251437342,-0.06791320297282855,2.239534079628446,0.12771991120743076,-0.05521272125978394,0.059554449313829805,AAPL,allocation_test,long_qqq_regime,5,50,0.0,,False,0.0,-0.005,20,0,10.0,1.3876883998144103,0.17637255350173286,0.726686796875903,-0.33360519953145074,0.6287806263865254,0.622141549786115,0.6399870028907108,42.45,23.5,7.838783852835973,0.1609792284866469,0.10722053152279121,0.5987241266392298,0.3097402195739196,True,False
AAPL_hybrid_spy_regime_trend_5_50_entry_0.000_exit_-0.005_hold_10_cool_5_10bps,0.9545987247926173,0.13324112417019585,0.19412329172043885,0.7422330194042579,1.000706219458134,0.5483239246920866,-0.24299710111138761,61,0.5,0.7841246290801187,15.516320474777448,0.05183977083570472,0.1494518598430002,-0.04577231817159075,3.2651145017985925,0.16929499412829196,-0.04313142933153702,0.09060809842006312,AAPL,allocation_test,hybrid_spy_regime,5,50,0.0,,False,0.0,-0.005,10,5,10.0,1.3876883998144103,0.17637255350173286,0.726686796875903,-0.33360519953145074,0.6004371841948046,0.5839723069052146,0.45844189874452174,31.76,16.0,11.384900357690341,0.19992581602373888,0.11578110421137855,0.661551554733001,0.3001253737933874,True,False
AAPL_hybrid_spy_regime_trend_5_50_entry_0.020_exit_-0.005_hold_20_cool_5_10bps,0.7608091647761464,0.11137130491798408,0.19380707397715713,0.6424384400254841,0.8360571862660922,0.40180074932144544,-0.27718043111185364,56,0.5714285714285714,0.7752225519287834,12.338278931750741,0.037383201198064375,0.11709316623093918,-0.06889675217910203,2.2660606879609677,0.11997925719230373,-0.06500124858374878,0.05642476841959709,AAPL,allocation_test,hybrid_spy_regime,5,50,0.0,,False,0.02,-0.005,20,5,10.0,1.3876883998144103,0.17637255350173286,0.726686796875903,-0.33360519953145074,0.5829518890639949,0.5774466602682232,0.551709069391745,37.523809523809526,24.0,10.451711803781297,0.21735905044510387,0.09776460322530012,0.5786956483320677,0.2884909718832371,True,False
AAPL_hybrid_spy_regime_trend_5_50_entry_0.020_exit_-0.005_hold_20_cool_0_10bps,0.7608091647761464,0.11137130491798408,0.19380707397715713,0.6424384400254841,0.8360571862660922,0.40180074932144544,-0.27718043111185364,56,0.5714285714285714,0.7752225519287834,12.338278931750741,0.037383201198064375,0.11709316623093918,-0.06889675217910203,2.2660606879609677,0.11997925719230373,-0.06500124858374878,0.05642476841959709,AAPL,allocation_test,hybrid_spy_regime,5,50,0.0,,False,0.02,-0.005,20,0,10.0,1.3876883998144103,0.17637255350173286,0.726686796875903,-0.33360519953145074,0.5829518890639949,0.5774466602682232,0.551709069391745,37.523809523809526,24.0,10.451711803781297,0.21735905044510387,0.09776460322530012,0.5786956483320677,0.2884909718832371,True,False
AAPL_long_qqq_regime_trend_5_50_entry_0.000_exit_-0.005_hold_20_cool_5_10bps,0.8058311019670352,0.11662058976551881,0.20611929292285605,0.6387980916675453,0.8590189359274873,0.42554377126467136,-0.2740507502176208,42,0.5,0.7908011869436202,12.525222551928785,0.03840277631664829,0.14471875560612513,-0.06791320297282855,2.1309369794268984,0.12507565666038079,-0.05975196373621405,0.059554449313829916,AAPL,allocation_test,long_qqq_regime,5,50,0.0,,False,0.0,-0.005,20,5,10.0,1.3876883998144103,0.17637255350173286,0.726686796875903,-0.33360519953145074,0.6298966545579567,0.6261012450973603,0.6923973835811035,42.4,23.5,7.838783852835973,0.16172106824925817,0.10272680708210724,0.5777571617016699,0.28418700401282765,True,False
AAPL_long_qqq_regime_trend_5_50_entry_0.000_exit_-0.005_hold_20_cool_10_10bps,0.7613922630665828,0.11143998480563022,0.20798398328766454,0.6125346084764657,0.8242469186972586,0.40663995525331215,-0.2740507502176215,40,0.5,0.793026706231454,11.777448071216616,0.03690442225392471,0.14172204748067796,-0.06791320297282855,2.086811419237282,0.11428576219714048,-0.06493256869610264,0.05955444931382925,AAPL,allocation_test,long_qqq_regime,5,50,0.0,,False,0.0,-0.005,20,10,10.0,1.3876883998144103,0.17637255350173286,0.726686796875903,-0.33360519953145074,0.6329935420968023,0.6325359507506763,0.6492525501972869,44.473684210526315,25.0,7.465508431272355,0.1661721068249258,0.09845326269015842,0.55592213332668,0.2826538950903459,True,False
AAPL_hybrid_qqq_regime_trend_5_50_entry_0.000_exit_-0.005_hold_20_cool_10_10bps,0.8153914760697931,0.11772154513926214,0.20784440263588008,0.6399751638986956,0.8596519116023449,0.4303326153977911,-0.2735594303732768,52,0.5,0.793026706231454,12.899109792284866,0.03912509192775859,0.14616338682834573,-0.06791320297282855,2.1522087080302246,0.12924606663885285,-0.058651008362470725,0.060045769158173945,AAPL,allocation_test,hybrid_qqq_regime,5,50,0.0,,False,0.0,-0.005,20,10,10.0,1.3876883998144103,0.17637255350173286,0.726686796875903,-0.33360519953145074,0.6354828773973572,0.6315337831373611,0.6203996083488151,38.90909090909091,22.0,9.705160960654062,0.1620919881305638,0.10344517759681171,0.5781590710780644,0.27175520192565006,True,False
AAPL_hybrid_qqq_regime_trend_5_50_entry_0.000_exit_-0.005_hold_20_cool_5_10bps,0.8517452467354463,0.12186538932501323,0.20595627707408645,0.6619370588273187,0.8889772515958669,0.44548049087076125,-0.2735594303732769,55,0.5,0.7908011869436202,13.646884272997033,0.039632068355908545,0.14717733968464564,-0.06791320297282855,2.1671388366637627,0.13993707473452122,-0.054507164176719636,0.060045769158173834,AAPL,allocation_test,hybrid_qqq_regime,5,50,0.0,,False,0.0,-0.005,20,5,10.0,1.3876883998144103,0.17637255350173286,0.726686796875903,-0.33360519953145074,0.6322738211430248,0.6256239748021837,0.6673349531965265,37.391304347826086,21.0,10.26507409299949,0.1572700296735905,0.10669243645162596,0.5957090283896967,0.26794996181153746,True,False
AAPL_hybrid_qqq_regime_trend_5_50_entry_0.005_exit_-0.005_hold_20_cool_0_10bps,0.7995992197122859,0.11590038250363777,0.2051607139571256,0.6376802806526208,0.8515023493123777,0.4236753320676586,-0.27355943037327723,55,0.5,0.7908011869436202,12.899109792284866,0.03634707812766888,0.13807486187021034,-0.06538070561487258,2.1118594633032157,0.12832438477385644,-0.0604721709980951,0.0600457691581735,AAPL,allocation_test,hybrid_qqq_regime,5,50,0.0,,False,0.005,-0.005,20,0,10.0,1.3876883998144103,0.17637255350173286,0.726686796875903,-0.33360519953145074,0.6273424497057917,0.6237714407409096,0.6335210964078142,41.04761904761905,23.0,10.26507409299949,0.15875370919881307,0.1016268274974843,0.5748007233289574,0.2676391560439507,True,False
AAPL_long_qqq_regime_trend_5_50_entry_0.000_exit_0.000_hold_20_cool_0_10bps,0.8001355349642076,0.11596244318612858,0.20442870508014102,0.6395236339418522,0.8538066790481811,0.42690287694766904,-0.2716365933517557,44,0.5,0.7893175074183977,13.27299703264095,0.04255872870109263,0.157690813948149,-0.07257335654596372,2.1728471914934353,0.13198166487030671,-0.06041011031560428,0.06196860617969502,AAPL,allocation_test,long_qqq_regime,5,50,0.0,,False,0.0,0.0,20,0,10.0,1.3876883998144103,0.17637255350173286,0.726686796875903,-0.33360519953145074,0.622738846465719,0.6185987927581438,0.748950739559868,40.095238095238095,24.0,8.212059274399591,0.16468842729970326,0.10129698497878259,0.5748553404656025,0.25555049891219034,True,False
AAPL_hybrid_qqq_regime_trend_5_50_entry_0.000_exit_0.000_hold_20_cool_0_10bps,0.8001355349642076,0.11596244318612858,0.20442870508014102,0.6395236339418522,0.8538066790481811,0.42690287694766904,-0.2716365933517557,44,0.5,0.7893175074183977,13.27299703264095,0.04255872870109263,0.157690813948149,-0.07257335654596372,2.1728471914934353,0.13198166487030671,-0.06041011031560428,0.06196860617969502,AAPL,allocation_test,hybrid_qqq_regime,5,50,0.0,,False,0.0,0.0,20,0,10.0,1.3876883998144103,0.17637255350173286,0.726686796875903,-0.33360519953145074,0.622738846465719,0.6185987927581438,0.748950739559868,40.095238095238095,24.0,8.212059274399591,0.16468842729970326,0.10129698497878259,0.5748553404656025,0.25555049891219034,True,False
AAPL_long_qqq_regime_trend_5_50_entry_0.005_exit_-0.005_hold_20_cool_0_10bps,0.7229720559554524,0.10687461807487542,0.20548472017564046,0.5974127313407059,0.794887011409204,0.3899811184242602,-0.27405075021762104,42,0.5,0.7908011869436202,12.525222551928785,0.03351212666358663,0.13240495894204585,-0.06538070561487258,2.0251381152412464,0.11922109827998706,-0.06949793542685745,0.059554449313829694,AAPL,allocation_test,long_qqq_regime,5,50,0.0,,False,0.005,-0.005,20,0,10.0,1.3876883998144103,0.17637255350173286,0.726686796875903,-0.33360519953145074,0.6224743006263673,0.6237403033230696,0.6661392927686007,42.1,22.5,7.838783852835973,0.1661721068249258,0.09311495715452933,0.5363506788468803,0.23305567199534477,True,False
AAPL_long_spy_regime_trend_5_50_entry_0.000_exit_-0.005_hold_20_cool_10_10bps,0.6720432886498517,0.1006935093625938,0.2000832569513201,0.580131615599209,0.7704979502573464,0.33208364221261377,-0.30321731203527824,41,0.5,0.7959940652818991,12.1513353115727,0.029972229130094924,0.1278576612330184,-0.06791320297282855,1.882662805407265,0.11205699948001246,-0.07567904413913906,0.030387887496172494,AAPL,allocation_test,long_spy_regime,5,50,0.0,,False,0.0,-0.005,20,10,10.0,1.3876883998144103,0.17637255350173286,0.726686796875903,-0.33360519953145074,0.6183107547440606,0.6234013311668618,0.6492525501972869,44.473684210526315,25.0,7.652146142054164,0.16913946587537093,0.08742511485464943,0.5194017157572544,0.20996565624698105,True,False
AAPL_long_cash_hysteresis_trend_5_50_entry_0.000_exit_-0.005_hold_20_cool_10_10bps,0.34847634078469203,0.05738625835728106,0.1820196572311787,0.39801223475206354,0.48425086495322534,0.20942034671047174,-0.2740242734705183,37,0.4444444444444444,0.6268545994065282,6.916913946587537,0.016591628622068286,0.12776222070263013,-0.07234484504238119,1.4128135391295313,0.05087310142806056,-0.1189862951444518,0.05958092606093246,AAPL,allocation_test,long_cash_hysteresis,5,50,0.0,,False,0.0,-0.005,20,10,10.0,1.3876883998144103,0.17637255350173286,0.726686796875903,-0.33360519953145074,0.5362403933625244,0.5602510358212914,0.6492525501972869,44.473684210526315,25.0,6.9055952989269285,0.0,0.05009596236302949,0.35985692696037386,0.20851239827630935,True,False
AAPL_hybrid_qqq_regime_trend_5_50_entry_0.005_exit_-0.005_hold_20_cool_5_10bps,0.753949205750859,0.11056191650774272,0.2057100083219832,0.6131674688855587,0.8193500138298523,0.40416050127344916,-0.2735594303732767,57,0.5,0.7908011869436202,13.646884272997033,0.03205761493077211,0.1294959354764168,-0.06538070561487258,1.9806445075588097,0.13261922500574141,-0.06581063699399015,0.060045769158174056,AAPL,allocation_test,hybrid_qqq_regime,5,50,0.0,,False,0.005,-0.005,20,5,10.0,1.3876883998144103,0.17637255350173286,0.726686796875903,-0.33360519953145074,0.6280098030152759,0.6277311360521549,0.6859314770982069,37.43478260869565,21.0,10.638349514563107,0.15949554896142434,0.0955347660692698,0.5467774769037314,0.2078768990525071,True,False
AAPL_long_qqq_regime_trend_5_50_entry_0.005_exit_-0.005_hold_20_cool_5_10bps,0.685924139696833,0.10239321217898212,0.2060702649258169,0.576573752280757,0.7678758873014052,0.3736286512540933,-0.27405075021762093,42,0.5,0.7908011869436202,12.525222551928785,0.02990468453470632,0.12519007468428522,-0.06538070561487258,1.9147862279388954,0.11675281288024775,-0.07397934132275075,0.059554449313829805,AAPL,allocation_test,long_qqq_regime,5,50,0.0,,False,0.005,-0.005,20,5,10.0,1.3876883998144103,0.17637255350173286,0.726686796875903,-0.33360519953145074,0.6235903287977986,0.6276999986343149,0.7185496734589935,42.05,22.5,7.838783852835973,0.16691394658753708,0.08867848107809073,0.5155714943994223,0.20773528703950261,True,False
AAPL_long_cash_hysteresis_trend_5_50_entry_0.000_exit_-0.005_hold_20_cool_0_10bps,0.3600576817263168,0.05907528650505678,0.1806860630612416,0.4084670229072234,0.4965044760680622,0.21558413697030585,-0.2740242734705184,39,0.47368421052631576,0.6298219584569733,7.29080118694362,0.01602846562725506,0.11078683494829256,-0.0692540667616787,1.4397443517156192,0.05417601128392113,-0.11729726699667609,0.05958092606093235,AAPL,allocation_test,long_cash_hysteresis,5,50,0.0,,False,0.0,-0.005,20,0,10.0,1.3876883998144103,0.17637255350173286,0.726686796875903,-0.33360519953145074,0.5335768361332703,0.556296168775677,0.6399870028907108,42.45,23.5,7.278870720490547,0.0,0.0513748037415227,0.36789083427850294,0.20570072496500158,True,False
AAPL_hybrid_spy_regime_trend_5_50_entry_0.000_exit_-0.005_hold_20_cool_10_10bps,0.7191857064576546,0.10642022807136375,0.20010914116189593,0.6060664729353371,0.8041129870866255,0.3560806078281025,-0.2988655538431848,53,0.5,0.7959940652818991,13.27299703264095,0.031702321064248085,0.13131784510132471,-0.06791320297282855,1.9336128963592512,0.1260997183537882,-0.06995232543036911,0.03473964568826593,AAPL,allocation_test,hybrid_spy_regime,5,50,0.0,,False,0.0,-0.005,20,10,10.0,1.3876883998144103,0.17637255350173286,0.726686796875903,-0.33360519953145074,0.6211701462587736,0.6231016680779825,0.6203996083488151,38.90909090909091,22.0,9.89179867143587,0.1650593471810089,0.09187796292242689,0.5399543076703922,0.19893664254519589,True,False
AAPL_hybrid_spy_regime_trend_5_50_entry_0.000_exit_-0.005_hold_20_cool_0_10bps,0.6827481501298565,0.10200532096779802,0.19894074737151635,0.5883216737615784,0.7784778751482778,0.34130838986322315,-0.29886555384318536,54,0.5,0.7959940652818991,13.27299703264095,0.028057429283657898,0.12402806154014434,-0.06791320297282855,1.8262731856391288,0.12366892526935369,-0.07436723253393485,0.034739645688265375,AAPL,allocation_test,hybrid_spy_regime,5,50,0.0,,False,0.0,-0.005,20,0,10.0,1.3876883998144103,0.17637255350173286,0.726686796875903,-0.33360519953145074,0.6173989743445388,0.6217053471411801,0.6149245725061336,41.0,23.0,10.07843638221768,0.16172106824925817,0.08749420934858176,0.5214903986953778,0.17677693626787117,True,False
AAPL_long_cash_hysteresis_trend_5_50_entry_0.005_exit_-0.005_hold_20_cool_0_10bps,0.32584500665247695,0.05405134754997798,0.17998444254475596,0.3828958411035832,0.4622059009126916,0.19162716023052975,-0.2820651701196927,39,0.47368421052631576,0.6246290801186943,7.29080118694362,0.014854125205120697,0.10582772597134214,-0.0670221154844786,1.4210973898050911,0.05277139225018801,-0.12232120595175489,0.05154002941175806,AAPL,allocation_test,long_cash_hysteresis,5,50,0.0,,False,0.005,-0.005,20,0,10.0,1.3876883998144103,0.17637255350173286,0.726686796875903,-0.33360519953145074,0.528237644329646,0.5535610104581452,0.6661392927686007,42.1,22.5,7.278870720490547,0.0,0.04639332754266512,0.3422366945289706,0.17108515588169543,True,False
AAPL_long_qqq_regime_trend_5_50_entry_0.000_exit_0.000_hold_20_cool_10_10bps,0.6562032665863808,0.09873982833824924,0.20480653385669195,0.5626577128328164,0.7476494324916935,0.36349972998809466,-0.27163659335175616,44,0.5,0.7915430267062314,13.27299703264095,0.04202895006177122,0.15663125666950617,-0.07257335654596372,2.1582473806389966,0.12136921705195314,-0.07763272516348363,0.061968606179694574,AAPL,allocation_test,long_qqq_regime,5,50,0.0,,False,0.0,0.0,20,10,10.0,1.3876883998144103,0.17637255350173286,0.726686796875903,-0.33360519953145074,0.6164458372682331,0.6220184857573382,0.7810771840468804,38.95238095238095,22.0,8.212059274399591,0.1847181008902077,0.08430752340648628,0.49815447587527595,0.16146196295527498,True,False
AAPL_hybrid_qqq_regime_trend_5_50_entry_0.000_exit_0.000_hold_20_cool_10_10bps,0.6562032665863808,0.09873982833824924,0.20480653385669195,0.5626577128328164,0.7476494324916935,0.36349972998809466,-0.27163659335175616,44,0.5,0.7915430267062314,13.27299703264095,0.04202895006177122,0.15663125666950617,-0.07257335654596372,2.1582473806389966,0.12136921705195314,-0.07763272516348363,0.061968606179694574,AAPL,allocation_test,hybrid_qqq_regime,5,50,0.0,,False,0.0,0.0,20,10,10.0,1.3876883998144103,0.17637255350173286,0.726686796875903,-0.33360519953145074,0.6164458372682331,0.6220184857573382,0.7810771840468804,38.95238095238095,22.0,8.212059274399591,0.1847181008902077,0.08430752340648628,0.49815447587527595,0.16146196295527498,True,False
AAPL_long_spy_regime_trend_5_50_entry_0.000_exit_-0.005_hold_20_cool_0_10bps,0.6383345848299782,0.09651760871253767,0.19889784103353342,0.5632576578684294,0.7456713500937445,0.31831166916125225,-0.30321731203527824,43,0.5,0.7959940652818991,12.899109792284866,0.026545481444064156,0.12100416586095686,-0.06791320297282855,1.7817472974933832,0.11701079364455946,-0.07985494478919519,0.030387887496172494,AAPL,allocation_test,long_spy_regime,5,50,0.0,,False,0.0,-0.005,20,0,10.0,1.3876883998144103,0.17637255350173286,0.726686796875903,-0.33360519953145074,0.6142030766833654,0.6214898101942773,0.6399870028907108,42.45,23.5,8.025421563617781,0.1661721068249258,0.08246565065288491,0.4981082911742649,0.1590048186376587,True,False
AAPL_hybrid_spy_regime_trend_5_50_entry_0.005_exit_-0.005_hold_20_cool_0_10bps,0.6350057253794887,0.09610144229984519,0.19862402359545198,0.5618528266074035,0.7398191367678368,0.32319015641670285,-0.29735262783170135,56,0.5,0.7952522255192879,13.27299703264095,0.02471051030158211,0.1148017262180368,-0.06538070561487258,1.755896103267538,0.12025248601310046,-0.08027111120188768,0.03625257169974938,AAPL,allocation_test,hybrid_spy_regime,5,50,0.0,,False,0.005,-0.005,20,0,10.0,1.3876883998144103,0.17637255350173286,0.726686796875903,-0.33360519953145074,0.6139888595195315,0.6215418211749292,0.6335210964078142,41.04761904761905,23.0,10.451711803781297,0.1632047477744807,0.08165823401240391,0.4948115474529269,0.14516067345148548,True,False
AAPL_long_cash_hysteresis_trend_5_50_entry_0.000_exit_-0.005_hold_20_cool_5_10bps,0.2902249132407353,0.04870742120186855,0.1810028578727624,0.35362155443575816,0.4295387055038865,0.1585093436808862,-0.30728422735714045,39,0.42105263157894735,0.629080118694362,7.29080118694362,0.013312476441078077,0.12429259947409416,-0.06740034031020635,1.3411596645255048,0.0514244481220425,-0.12766513229986431,0.026320972174310286,AAPL,allocation_test,long_cash_hysteresis,5,50,0.0,,False,0.0,-0.005,20,5,10.0,1.3876883998144103,0.17637255350173286,0.726686796875903,-0.33360519953145074,0.5310616746641199,0.5601204235395428,0.6923973835811035,42.4,23.5,7.278870720490547,0.0,0.04107795056011665,0.31311257814543375,0.12385741424703706,True,False
AAPL_long_spy_regime_trend_5_50_entry_0.005_exit_-0.005_hold_20_cool_0_10bps,0.5833529386225162,0.08955392893766767,0.19843438012998843,0.5319511005545977,0.6991267437416645,0.29092704431403094,-0.30782263350189554,43,0.5,0.7952522255192879,12.899109792284866,0.023763612422152663,0.11290793045917791,-0.06538070561487258,1.7269304360871565,0.11310245875568703,-0.0868186245640652,0.0257825660295552,AAPL,allocation_test,long_spy_regime,5,50,0.0,,False,0.005,-0.005,20,0,10.0,1.3876883998144103,0.17637255350173286,0.726686796875903,-0.33360519953145074,0.6086421291145969,0.6195833327419367,0.6661392927686007,42.1,22.5,8.025421563617781,0.17062314540059348,0.0755890197230693,0.4666467505421816,0.11843192081564835,True,False
AAPL_long_spy_regime_trend_5_50_entry_0.000_exit_-0.005_hold_20_cool_5_10bps,0.5782937305219611,0.08890332302034176,0.1993475684257872,0.5274144240512443,0.6987186295990391,0.29320002351975905,-0.30321731203527846,43,0.5,0.7959940652818991,12.899109792284866,0.02081176422133288,0.1095367314154943,-0.06791320297282855,1.6128930255184541,0.11281489060525218,-0.0874692304813911,0.030387887496172272,AAPL,allocation_test,long_spy_regime,5,50,0.0,,False,0.0,-0.005,20,5,10.0,1.3876883998144103,0.17637255350173286,0.726686796875903,-0.33360519953145074,0.6142951282408005,0.6262960056730719,0.6923973835811035,42.4,23.5,8.025421563617781,0.16691394658753708,0.07493795453927654,0.46231880128121766,0.11554729912827755,True,False
AAPL_hybrid_spy_regime_trend_5_50_entry_0.000_exit_-0.005_hold_20_cool_5_10bps,0.6146616930046265,0.09354299429520485,0.19936128220238625,0.5487596622341323,0.72654216925722,0.3129935621295687,-0.2988655538431849,56,0.5,0.7959940652818991,14.020771513353116,0.02166277331614469,0.11123874960511793,-0.06791320297282855,1.6379546941648966,0.12564965940499784,-0.08282955920652801,0.03473964568826582,AAPL,allocation_test,hybrid_spy_regime,5,50,0.0,,False,0.0,-0.005,20,5,10.0,1.3876883998144103,0.17637255350173286,0.726686796875903,-0.33360519953145074,0.6170423510400266,0.6265115426199745,0.6673349531965265,37.391304347826086,21.0,10.451711803781297,0.16246290801186944,0.0783320260903122,0.47826350280770297,0.09884161883934539,True,False
AAPL_long_cash_hysteresis_trend_5_50_entry_0.005_exit_-0.005_hold_20_cool_5_10bps,0.25776890323323975,0.04373266432387268,0.18030141586169313,0.32788155284321674,0.3955311964907657,0.13971465976906317,-0.3130141417955652,39,0.42105263157894735,0.6238872403560831,7.29080118694362,0.012138136018943715,0.11871360187502494,-0.0653712936945699,1.3207198469010837,0.050091191101693244,-0.13263988917786018,0.020591057735885543,AAPL,allocation_test,long_cash_hysteresis,5,50,0.0,,False,0.005,-0.005,20,5,10.0,1.3876883998144103,0.17637255350173286,0.726686796875903,-0.33360519953145074,0.5257224828604956,0.5573852652220109,0.7185496734589935,42.05,22.5,7.278870720490547,0.0,0.03614526146255148,0.2872835120109671,0.0902776985572874,True,False
AAPL_long_spy_regime_trend_5_50_entry_0.000_exit_0.000_hold_20_cool_0_10bps,0.5682281395236302,0.08760384345341388,0.1974489200028604,0.5245532143150199,0.6886073851557177,0.28797621149285996,-0.3042051390261654,45,0.5,0.7945103857566765,13.646884272997033,0.02464283247017464,0.121859021486313,-0.07257335654596372,1.6791151365464903,0.11852584134409017,-0.08876871004831899,0.02940006050528532,AAPL,allocation_test,long_spy_regime,5,50,0.0,,False,0.0,0.0,20,0,10.0,1.3876883998144103,0.17637255350173286,0.726686796875903,-0.33360519953145074,0.6061558417154083,0.61811064805605,0.748950739559868,40.095238095238095,24.0,8.398696985181399,0.1698813056379822,0.07288856454239889,0.4554270084490953,0.08098171710119506,True,False
AAPL_hybrid_spy_regime_trend_5_50_entry_0.000_exit_0.000_hold_20_cool_0_10bps,0.5682281395236302,0.08760384345341388,0.1974489200028604,0.5245532143150199,0.6886073851557177,0.28797621149285996,-0.3042051390261654,45,0.5,0.7945103857566765,13.646884272997033,0.02464283247017464,0.121859021486313,-0.07257335654596372,1.6791151365464903,0.11852584134409017,-0.08876871004831899,0.02940006050528532,AAPL,allocation_test,hybrid_spy_regime,5,50,0.0,,False,0.0,0.0,20,0,10.0,1.3876883998144103,0.17637255350173286,0.726686796875903,-0.33360519953145074,0.6061558417154083,0.61811064805605,0.748950739559868,40.095238095238095,24.0,8.398696985181399,0.1698813056379822,0.07288856454239889,0.4554270084490953,0.08098171710119506,True,False
AAPL_long_spy_regime_trend_5_50_entry_0.000_exit_0.000_hold_20_cool_10_10bps,0.5577636183049581,0.08624564894157416,0.19620553377165667,0.5202619574174577,0.6792452352284059,0.2835114791869304,-0.3042051390261661,45,0.5,0.7945103857566765,13.646884272997033,0.032046692686502606,0.13666674191896894,-0.07257335654596372,1.8831531077443304,0.11756650173529581,-0.0901269045601587,0.029400060505284653,AAPL,allocation_test,long_spy_regime,5,50,0.0,,False,0.0,0.0,20,10,10.0,1.3876883998144103,0.17637255350173286,0.726686796875903,-0.33360519953145074,0.5988106215721144,0.6107788915040855,0.7810771840468804,38.95238095238095,22.0,8.398696985181399,0.18768545994065283,0.07156893347446114,0.45091774782268096,0.07533226569179285,True,False
AAPL_hybrid_spy_regime_trend_5_50_entry_0.000_exit_0.000_hold_20_cool_10_10bps,0.5577636183049581,0.08624564894157416,0.19620553377165667,0.5202619574174577,0.6792452352284059,0.2835114791869304,-0.3042051390261661,45,0.5,0.7945103857566765,13.646884272997033,0.032046692686502606,0.13666674191896894,-0.07257335654596372,1.8831531077443304,0.11756650173529581,-0.0901269045601587,0.029400060505284653,AAPL,allocation_test,hybrid_spy_regime,5,50,0.0,,False,0.0,0.0,20,10,10.0,1.3876883998144103,0.17637255350173286,0.726686796875903,-0.33360519953145074,0.5988106215721144,0.6107788915040855,0.7810771840468804,38.95238095238095,22.0,8.398696985181399,0.18768545994065283,0.07156893347446114,0.45091774782268096,0.07533226569179285,True,False
AAPL_long_spy_regime_trend_5_50_entry_0.005_exit_-0.005_hold_20_cool_5_10bps,0.5253270237781003,0.08198799946597712,0.1988842653604185,0.4960947393745925,0.6524967440523741,0.26634818412555794,-0.307822633501896,43,0.5,0.7952522255192879,12.899109792284866,0.01811393381108148,0.10160857323703554,-0.06538070561487258,1.55410640312701,0.10904669152871604,-0.09438455403575574,0.025782566029554754,AAPL,allocation_test,long_spy_regime,5,50,0.0,,False,0.005,-0.005,20,5,10.0,1.3876883998144103,0.17637255350173286,0.726686796875903,-0.33360519953145074,0.608734180672032,0.6243895282207311,0.7185496734589935,42.05,22.5,8.025421563617781,0.17136498516320475,0.06810914516194577,0.43085392577341636,0.07500963016395235,True,False
AAPL_hybrid_spy_regime_trend_5_50_entry_0.005_exit_-0.005_hold_20_cool_5_10bps,0.5688509967518145,0.08768445166054728,0.19904439846541805,0.5222842054420189,0.6881297688679745,0.2948837287901006,-0.2973526278317018,58,0.5,0.7952522255192879,14.020771513353116,0.01843863902575507,0.10225798366638272,-0.06538070561487258,1.5640391565783502,0.12217364716751211,-0.08868810184118558,0.03625257169974894,AAPL,allocation_test,hybrid_spy_regime,5,50,0.0,,False,0.005,-0.005,20,5,10.0,1.3876883998144103,0.17637255350173286,0.726686796875903,-0.33360519953145074,0.6136322362150193,0.6263480166537237,0.6859314770982069,37.43478260869565,21.0,10.824987225344914,0.163946587537092,0.07254521908538725,0.45158602366530765,0.067264082418316,True,False
AAPL_long_cash_hysteresis_trend_5_50_entry_0.000_exit_0.000_hold_20_cool_0_10bps,0.21960734446002617,0.037748009929138515,0.1786184103142469,0.29705972371317674,0.35660735098704116,0.12576898570994147,-0.300137666818718,41,0.45,0.6246290801186943,7.664688427299703,0.009503689645792701,0.1036788662082036,-0.06754872754163439,1.255806975919313,0.05108235980084874,-0.13862454357259435,0.03346753271273273,AAPL,allocation_test,long_cash_hysteresis,5,50,0.0,,False,0.0,0.0,20,0,10.0,1.3876883998144103,0.17637255350173286,0.726686796875903,-0.33360519953145074,0.5191294101425571,0.5540214213615247,0.748950739559868,40.095238095238095,24.0,7.652146142054164,0.0,0.02982348174083782,0.2540364729253657,0.04495396290669351,True,False
AAPL_long_cash_hysteresis_trend_5_50_entry_0.000_exit_0.000_hold_20_cool_10_10bps,0.18281451527861026,0.03183200796788177,0.177034030073154,0.2657935412911415,0.31387553905848264,0.10936475497683794,-0.29106276491565664,41,0.45,0.6068249258160238,7.664688427299703,0.007403107058581293,0.0999209344771496,-0.0682932971929746,1.1970939346204337,0.049518414495071106,-0.1445405455338511,0.0425424346157941,AAPL,allocation_test,long_cash_hysteresis,5,50,0.0,,False,0.0,0.0,20,10,10.0,1.3876883998144103,0.17637255350173286,0.726686796875903,-0.33360519953145074,0.5070539758067774,0.5443894492036532,0.7810771840468804,38.95238095238095,22.0,7.652146142054164,0.0,0.023956215238796874,0.222423364750759,0.012309229474932237,True,False
